{
  "ents_f": 85.0709905066,
  "ents_p": 85.2548271217,
  "ents_r": 84.8879450064,
  "las": 89.7147886913,
  "tags_acc": 97.0270228491,
  "token_acc": 99.7579930934,
  "uas": 91.6138605763
}